key,company,scenario,ebitda_report_ccy,target_multiple,implied_ev_bn,net_debt_bn,implied_price,current_price,implied_return_pct,earnings_effect_pct,multiple_effect_pct,note
ABBN,ABB Ltd,"Bear (-10% EBITDA, peer Q1)",6233.4,24.47,152.55,3.07,67.77,80.78,-16.1,-10.2,-5.9,"Mechanical valuation scenario, not a price target"
ABBN,ABB Ltd,"Base (LTM EBITDA, current multiple)",6926.0,26.15,181.12,3.07,80.78,80.78,0.0,0.0,0.0,"Mechanical valuation scenario, not a price target"
ABBN,ABB Ltd,"Bull (+10% EBITDA, peer Q3)",7618.6,33.86,258.0,3.07,115.78,80.78,43.3,10.2,33.1,"Mechanical valuation scenario, not a price target"
ABBN,ABB Ltd,Rerate to peer median,6926.0,31.12,215.52,3.07,96.44,80.78,19.4,0.0,19.4,"Mechanical valuation scenario, not a price target"
ABBN,ABB Ltd,Rerate to sector median,6926.0,16.93,117.23,3.07,51.7,80.78,-36.0,0.0,-36.0,"Mechanical valuation scenario, not a price target"
ABBN,ABB Ltd,Rerate to own 5y median,6926.0,20.09,139.11,3.07,61.65,80.78,-23.7,0.0,-23.7,"Mechanical valuation scenario, not a price target"
ALO,Alstom SA,"Bear (-10% EBITDA, peer Q1)",1312.2,10.84,14.23,1.26,27.82,14.86,87.2,-12.0,99.2,"Mechanical valuation scenario, not a price target"
ALO,Alstom SA,"Base (LTM EBITDA, current multiple)",1458.0,5.65,8.24,1.26,14.86,14.86,0.0,0.0,0.0,"Mechanical valuation scenario, not a price target"
ALO,Alstom SA,"Bull (+10% EBITDA, peer Q3)",1603.8,29.64,47.54,1.26,99.93,14.86,572.5,12.0,560.5,"Mechanical valuation scenario, not a price target"
ALO,Alstom SA,Rerate to peer median,1458.0,20.24,29.51,1.26,60.91,14.86,309.9,0.0,309.9,"Mechanical valuation scenario, not a price target"
ALO,Alstom SA,Rerate to sector median,1458.0,16.93,24.68,1.26,50.44,14.86,239.5,0.0,239.5,"Mechanical valuation scenario, not a price target"
ALO,Alstom SA,Rerate to own 5y median,1458.0,9.73,14.19,1.26,27.74,14.86,86.7,0.0,86.7,"Mechanical valuation scenario, not a price target"
SRAIL,Stadler Rail AG,"Bear (-10% EBITDA, peer Q1)",279.5,10.84,3.03,0.28,27.12,29.58,-8.3,-11.1,2.8,"Mechanical valuation scenario, not a price target"
SRAIL,Stadler Rail AG,"Base (LTM EBITDA, current multiple)",310.5,10.55,3.28,0.28,29.58,29.58,0.0,0.0,0.0,"Mechanical valuation scenario, not a price target"
SRAIL,Stadler Rail AG,"Bull (+10% EBITDA, peer Q3)",341.6,29.64,10.12,0.28,98.07,29.58,231.5,11.1,220.5,"Mechanical valuation scenario, not a price target"
SRAIL,Stadler Rail AG,Rerate to peer median,310.5,20.24,6.29,0.28,59.67,29.58,101.7,0.0,101.7,"Mechanical valuation scenario, not a price target"
SRAIL,Stadler Rail AG,Rerate to sector median,310.5,16.93,5.26,0.28,49.37,29.58,66.9,0.0,66.9,"Mechanical valuation scenario, not a price target"
SRAIL,Stadler Rail AG,Rerate to own 5y median,310.5,12.57,3.9,0.28,35.83,29.58,21.1,0.0,21.1,"Mechanical valuation scenario, not a price target"
LR,Legrand SA,"Bear (-10% EBITDA, peer Q1)",2041.3,22.26,45.44,4.67,155.47,143.05,8.7,-11.3,19.9,"Mechanical valuation scenario, not a price target"
LR,Legrand SA,"Base (LTM EBITDA, current multiple)",2268.1,18.6,42.19,4.67,143.05,143.05,0.0,0.0,0.0,"Mechanical valuation scenario, not a price target"
LR,Legrand SA,"Bull (+10% EBITDA, peer Q3)",2494.9,31.11,77.62,4.67,278.29,143.05,94.5,11.3,83.3,"Mechanical valuation scenario, not a price target"
LR,Legrand SA,Rerate to peer median,2268.1,24.69,56.01,4.67,195.81,143.05,36.9,0.0,36.9,"Mechanical valuation scenario, not a price target"
LR,Legrand SA,Rerate to sector median,2268.1,16.93,38.39,4.67,128.57,143.05,-10.1,0.0,-10.1,"Mechanical valuation scenario, not a price target"
LR,Legrand SA,Rerate to own 5y median,2268.1,14.54,32.98,4.67,107.91,143.05,-24.6,0.0,-24.6,"Mechanical valuation scenario, not a price target"
NEX,Nexans SA,"Bear (-10% EBITDA, peer Q1)",639.9,11.94,7.64,0.27,168.89,133.2,26.8,-10.5,37.3,"Mechanical valuation scenario, not a price target"
NEX,Nexans SA,"Base (LTM EBITDA, current multiple)",711.0,8.56,6.09,0.27,133.2,133.2,0.0,0.0,0.0,"Mechanical valuation scenario, not a price target"
NEX,Nexans SA,"Bull (+10% EBITDA, peer Q3)",782.1,12.01,9.39,0.27,209.1,133.2,57.0,10.5,46.5,"Mechanical valuation scenario, not a price target"
NEX,Nexans SA,Rerate to peer median,711.0,11.98,8.52,0.27,188.94,133.2,41.8,0.0,41.8,"Mechanical valuation scenario, not a price target"
NEX,Nexans SA,Rerate to sector median,711.0,16.93,12.03,0.27,269.72,133.2,102.5,0.0,102.5,"Mechanical valuation scenario, not a price target"
NEX,Nexans SA,Rerate to own 5y median,711.0,7.14,5.08,0.27,110.07,133.2,-17.4,0.0,-17.4,"Mechanical valuation scenario, not a price target"
PRY,Prysmian SpA,"Bear (-10% EBITDA, peer Q1)",2306.7,11.94,27.55,3.87,79.85,124.8,-36.0,-11.1,-24.9,"Mechanical valuation scenario, not a price target"
PRY,Prysmian SpA,"Base (LTM EBITDA, current multiple)",2563.0,15.9,40.76,3.87,124.8,124.8,-0.0,0.0,0.0,"Mechanical valuation scenario, not a price target"
PRY,Prysmian SpA,"Bull (+10% EBITDA, peer Q3)",2819.3,12.01,33.86,3.87,101.33,124.8,-18.8,11.1,-29.9,"Mechanical valuation scenario, not a price target"
PRY,Prysmian SpA,Rerate to peer median,2563.0,11.98,30.7,3.87,90.56,124.8,-27.4,0.0,-27.4,"Mechanical valuation scenario, not a price target"
PRY,Prysmian SpA,Rerate to sector median,2563.0,16.93,43.38,3.87,133.71,124.8,7.1,0.0,7.1,"Mechanical valuation scenario, not a price target"
PRY,Prysmian SpA,Rerate to own 5y median,2563.0,11.7,29.99,3.87,88.15,124.8,-29.4,0.0,-29.4,"Mechanical valuation scenario, not a price target"
RXL,Rexel SA,"Bear (-10% EBITDA, peer Q1)",1389.8,18.54,25.77,4.06,73.53,36.37,102.2,-13.8,116.0,"Mechanical valuation scenario, not a price target"
RXL,Rexel SA,"Base (LTM EBITDA, current multiple)",1544.2,9.59,14.8,4.06,36.37,36.37,-0.0,0.0,0.0,"Mechanical valuation scenario, not a price target"
RXL,Rexel SA,"Bull (+10% EBITDA, peer Q3)",1698.6,33.51,56.93,4.06,179.12,36.37,392.5,13.8,378.7,"Mechanical valuation scenario, not a price target"
RXL,Rexel SA,Rerate to peer median,1544.2,26.03,40.19,4.06,122.41,36.37,236.6,0.0,236.6,"Mechanical valuation scenario, not a price target"
RXL,Rexel SA,Rerate to sector median,1544.2,16.93,26.14,4.06,74.78,36.37,105.6,0.0,105.6,"Mechanical valuation scenario, not a price target"
RXL,Rexel SA,Rerate to own 5y median,1544.2,6.64,10.26,4.06,20.99,36.37,-42.3,0.0,-42.3,"Mechanical valuation scenario, not a price target"
SU,Schneider Electric SE,"Bear (-10% EBITDA, peer Q1)",7838.1,21.54,168.83,13.25,276.28,296.35,-6.8,-10.8,4.0,"Mechanical valuation scenario, not a price target"
SU,Schneider Electric SE,"Base (LTM EBITDA, current multiple)",8709.0,20.68,180.11,13.25,296.35,296.35,0.0,0.0,0.0,"Mechanical valuation scenario, not a price target"
SU,Schneider Electric SE,"Bull (+10% EBITDA, peer Q3)",9579.9,36.64,351.04,13.25,600.4,296.35,102.6,10.8,91.8,"Mechanical valuation scenario, not a price target"
SU,Schneider Electric SE,Rerate to peer median,8709.0,29.15,253.84,13.25,427.51,296.35,44.3,0.0,44.3,"Mechanical valuation scenario, not a price target"
SU,Schneider Electric SE,Rerate to sector median,8709.0,16.93,147.41,13.25,238.19,296.35,-19.6,0.0,-19.6,"Mechanical valuation scenario, not a price target"
SU,Schneider Electric SE,Rerate to own 5y median,8709.0,15.79,137.52,13.25,220.59,296.35,-25.6,0.0,-25.6,"Mechanical valuation scenario, not a price target"
SIE,Siemens AG,"Bear (-10% EBITDA, peer Q1)",14652.9,20.82,305.04,32.39,338.7,282.0,20.1,-11.8,31.9,"Mechanical valuation scenario, not a price target"
SIE,Siemens AG,"Base (LTM EBITDA, current multiple)",16281.0,16.0,260.5,32.39,282.0,282.0,-0.0,0.0,0.0,"Mechanical valuation scenario, not a price target"
SIE,Siemens AG,"Bull (+10% EBITDA, peer Q3)",17909.1,32.95,590.12,32.39,701.55,282.0,148.8,11.8,137.0,"Mechanical valuation scenario, not a price target"
SIE,Siemens AG,Rerate to peer median,16281.0,27.18,442.54,32.39,513.71,282.0,82.2,0.0,82.2,"Mechanical valuation scenario, not a price target"
SIE,Siemens AG,Rerate to sector median,16281.0,16.93,275.58,32.39,301.19,282.0,6.8,0.0,6.8,"Mechanical valuation scenario, not a price target"
SIE,Siemens AG,Rerate to own 5y median,16281.0,13.23,215.32,32.39,224.49,282.0,-20.4,0.0,-20.4,"Mechanical valuation scenario, not a price target"
DTG,Daimler Truck Holding AG,"Bear (-10% EBITDA, peer Q1)",3774.6,14.07,53.1,15.72,47.9,42.16,13.6,-15.0,28.6,"Mechanical valuation scenario, not a price target"
DTG,Daimler Truck Holding AG,"Base (LTM EBITDA, current multiple)",4194.0,11.61,48.69,15.72,42.16,42.16,0.0,0.0,0.0,"Mechanical valuation scenario, not a price target"
DTG,Daimler Truck Holding AG,"Bull (+10% EBITDA, peer Q3)",4613.4,16.58,76.5,15.72,78.33,42.16,85.8,15.0,70.8,"Mechanical valuation scenario, not a price target"
DTG,Daimler Truck Holding AG,Rerate to peer median,4194.0,15.33,64.28,15.72,62.43,42.16,48.1,0.0,48.1,"Mechanical valuation scenario, not a price target"
DTG,Daimler Truck Holding AG,Rerate to sector median,4194.0,16.93,70.99,15.72,71.16,42.16,68.8,0.0,68.8,"Mechanical valuation scenario, not a price target"
DTG,Daimler Truck Holding AG,Rerate to own 5y median,4194.0,9.0,37.75,15.72,27.93,42.16,-33.7,0.0,-33.7,"Mechanical valuation scenario, not a price target"
8TRA,TRATON SE,"Bear (-10% EBITDA, peer Q1)",5551.2,14.07,78.1,23.66,108.86,35.02,210.9,-23.5,234.4,"Mechanical valuation scenario, not a price target"
8TRA,TRATON SE,"Base (LTM EBITDA, current multiple)",6168.0,6.68,41.18,23.66,35.02,35.02,0.0,0.0,0.0,"Mechanical valuation scenario, not a price target"
8TRA,TRATON SE,"Bull (+10% EBITDA, peer Q3)",6784.8,16.58,112.51,23.66,177.69,35.02,407.4,23.5,383.9,"Mechanical valuation scenario, not a price target"
8TRA,TRATON SE,Rerate to peer median,6168.0,15.33,94.53,23.66,141.73,35.02,304.7,0.0,304.7,"Mechanical valuation scenario, not a price target"
8TRA,TRATON SE,Rerate to sector median,6168.0,16.93,104.4,23.66,161.47,35.02,361.1,0.0,361.1,"Mechanical valuation scenario, not a price target"
8TRA,TRATON SE,Rerate to own 5y median,6168.0,2.83,17.42,23.66,-12.48,35.02,-135.6,0.0,-135.6,"Mechanical valuation scenario, not a price target"
PCAR,PACCAR Inc,"Bear (-10% EBITDA, peer Q1)",3200.1,8.37,26.78,0.0,50.79,111.8,-54.6,-10.0,-44.6,"Mechanical valuation scenario, not a price target"
PCAR,PACCAR Inc,"Base (LTM EBITDA, current multiple)",3555.7,16.58,58.96,0.0,111.8,111.8,-0.0,0.0,0.0,"Mechanical valuation scenario, not a price target"
PCAR,PACCAR Inc,"Bull (+10% EBITDA, peer Q3)",3911.3,14.07,55.03,0.0,104.33,111.8,-6.7,10.0,-16.7,"Mechanical valuation scenario, not a price target"
PCAR,PACCAR Inc,Rerate to peer median,3555.7,11.22,39.89,0.0,75.64,111.8,-32.3,0.0,-32.3,"Mechanical valuation scenario, not a price target"
PCAR,PACCAR Inc,Rerate to sector median,3555.7,16.93,60.18,0.0,114.12,111.8,2.1,0.0,2.1,"Mechanical valuation scenario, not a price target"
VOLVB,Volvo AB (B),"Bear (-10% EBITDA, peer Q1)",63669.6,14.07,895.74,185.06,349.51,324.1,7.8,-12.8,20.7,"Mechanical valuation scenario, not a price target"
VOLVB,Volvo AB (B),"Base (LTM EBITDA, current multiple)",70744.0,11.93,844.07,185.06,324.1,324.1,0.0,0.0,0.0,"Mechanical valuation scenario, not a price target"
VOLVB,Volvo AB (B),"Bull (+10% EBITDA, peer Q3)",77818.4,16.77,1304.83,185.06,550.74,324.1,69.9,12.8,57.1,"Mechanical valuation scenario, not a price target"
VOLVB,Volvo AB (B),Rerate to peer median,70744.0,16.58,1173.13,185.06,485.96,324.1,49.9,0.0,49.9,"Mechanical valuation scenario, not a price target"
VOLVB,Volvo AB (B),Rerate to sector median,70744.0,16.93,1197.43,185.06,497.91,324.1,53.6,0.0,53.6,"Mechanical valuation scenario, not a price target"
VOLVB,Volvo AB (B),Rerate to own 5y median,70744.0,8.57,606.63,185.06,207.3,324.1,-36.0,0.0,-36.0,"Mechanical valuation scenario, not a price target"
KNEBV,KONE Oyj (B),"Bear (-10% EBITDA, peer Q1)",1518.4,13.37,20.3,0.48,38.21,52.14,-26.7,-10.2,-16.5,"Mechanical valuation scenario, not a price target"
KNEBV,KONE Oyj (B),"Base (LTM EBITDA, current multiple)",1687.1,16.31,27.51,0.48,52.14,52.14,-0.0,0.0,0.0,"Mechanical valuation scenario, not a price target"
KNEBV,KONE Oyj (B),"Bull (+10% EBITDA, peer Q3)",1855.8,27.18,50.44,0.48,96.43,52.14,84.9,10.2,74.7,"Mechanical valuation scenario, not a price target"
KNEBV,KONE Oyj (B),Rerate to peer median,1687.1,20.28,34.21,0.48,65.07,52.14,24.8,0.0,24.8,"Mechanical valuation scenario, not a price target"
KNEBV,KONE Oyj (B),Rerate to sector median,1687.1,16.93,28.56,0.48,54.16,52.14,3.9,0.0,3.9,"Mechanical valuation scenario, not a price target"
KNEBV,KONE Oyj (B),Rerate to own 5y median,1687.1,17.71,29.88,0.48,56.71,52.14,8.8,0.0,8.8,"Mechanical valuation scenario, not a price target"
SCHP,Schindler Holding (PC),"Bear (-10% EBITDA, peer Q1)",1545.3,13.37,20.66,-3.6,225.64,264.0,-14.5,-8.8,-5.8,"Mechanical valuation scenario, not a price target"
SCHP,Schindler Holding (PC),"Base (LTM EBITDA, current multiple)",1717.0,14.42,24.77,-3.6,264.0,264.0,0.0,0.0,0.0,"Mechanical valuation scenario, not a price target"
SCHP,Schindler Holding (PC),"Bull (+10% EBITDA, peer Q3)",1888.7,27.18,51.34,-3.6,512.12,264.0,94.0,8.8,85.2,"Mechanical valuation scenario, not a price target"
SCHP,Schindler Holding (PC),Rerate to peer median,1717.0,20.28,34.81,-3.6,357.81,264.0,35.5,0.0,35.5,"Mechanical valuation scenario, not a price target"
SCHP,Schindler Holding (PC),Rerate to sector median,1717.0,16.93,29.06,-3.6,304.11,264.0,15.2,0.0,15.2,"Mechanical valuation scenario, not a price target"
SCHP,Schindler Holding (PC),Rerate to own 5y median,1717.0,15.25,26.18,-3.6,277.16,264.0,5.0,0.0,5.0,"Mechanical valuation scenario, not a price target"
OTIS,Otis Worldwide Corp,"Bear (-10% EBITDA, peer Q1)",2191.5,18.61,40.78,6.98,86.74,65.63,32.2,-12.7,44.9,"Mechanical valuation scenario, not a price target"
OTIS,Otis Worldwide Corp,"Base (LTM EBITDA, current multiple)",2435.0,13.37,32.55,6.98,65.63,65.63,0.0,0.0,0.0,"Mechanical valuation scenario, not a price target"
OTIS,Otis Worldwide Corp,"Bull (+10% EBITDA, peer Q3)",2678.5,27.18,72.81,6.98,168.95,65.63,157.4,12.7,144.7,"Mechanical valuation scenario, not a price target"
OTIS,Otis Worldwide Corp,Rerate to peer median,2435.0,22.89,55.75,6.98,125.17,65.63,90.7,0.0,90.7,"Mechanical valuation scenario, not a price target"
OTIS,Otis Worldwide Corp,Rerate to sector median,2435.0,16.93,41.22,6.98,87.86,65.63,33.9,0.0,33.9,"Mechanical valuation scenario, not a price target"
OTIS,Otis Worldwide Corp,Rerate to own 5y median,2435.0,17.68,43.05,6.98,92.57,65.63,41.1,0.0,41.1,"Mechanical valuation scenario, not a price target"
HLMA,Halma plc,"Bear (-10% EBITDA, peer Q1)",596.5,30.11,17.96,0.77,4551.94,3528.0,29.0,-10.6,39.6,"Mechanical valuation scenario, not a price target"
HLMA,Halma plc,"Base (LTM EBITDA, current multiple)",662.8,21.27,14.1,0.77,3528.0,3528.0,0.0,0.0,0.0,"Mechanical valuation scenario, not a price target"
HLMA,Halma plc,"Bull (+10% EBITDA, peer Q3)",729.1,36.01,26.25,0.77,6746.39,3528.0,91.2,10.6,80.6,"Mechanical valuation scenario, not a price target"
HLMA,Halma plc,Rerate to peer median,662.8,33.06,21.91,0.77,5597.46,3528.0,58.7,0.0,58.7,"Mechanical valuation scenario, not a price target"
HLMA,Halma plc,Rerate to sector median,662.8,16.93,11.22,0.77,2766.41,3528.0,-21.6,0.0,-21.6,"Mechanical valuation scenario, not a price target"
HLMA,Halma plc,Rerate to own 5y median,662.8,24.34,16.14,0.77,4068.27,3528.0,15.3,0.0,15.3,"Mechanical valuation scenario, not a price target"
IMI,IMI plc,"Bear (-10% EBITDA, peer Q1)",491.6,19.24,9.46,0.53,3579.87,3134.0,14.2,-10.7,24.9,"Mechanical valuation scenario, not a price target"
IMI,IMI plc,"Base (LTM EBITDA, current multiple)",546.2,15.28,8.34,0.53,3134.0,3134.0,0.0,0.0,0.0,"Mechanical valuation scenario, not a price target"
IMI,IMI plc,"Bull (+10% EBITDA, peer Q3)",600.8,24.98,15.01,0.53,5806.4,3134.0,85.3,10.7,74.6,"Mechanical valuation scenario, not a price target"
IMI,IMI plc,Rerate to peer median,546.2,22.26,12.16,0.53,4663.09,3134.0,48.8,0.0,48.8,"Mechanical valuation scenario, not a price target"
IMI,IMI plc,Rerate to sector median,546.2,16.93,9.25,0.53,3494.92,3134.0,11.5,0.0,11.5,"Mechanical valuation scenario, not a price target"
IMI,IMI plc,Rerate to own 5y median,546.2,11.16,6.1,0.53,2232.07,3134.0,-28.8,0.0,-28.8,"Mechanical valuation scenario, not a price target"
ROR,Rotork plc,"Bear (-10% EBITDA, peer Q1)",163.5,22.5,3.68,-0.07,438.38,488.0,-10.2,-9.8,-0.3,"Mechanical valuation scenario, not a price target"
ROR,Rotork plc,"Base (LTM EBITDA, current multiple)",181.7,22.58,4.1,-0.07,488.0,488.0,0.0,0.0,0.0,"Mechanical valuation scenario, not a price target"
ROR,Rotork plc,"Bull (+10% EBITDA, peer Q3)",199.9,26.4,5.28,-0.07,625.55,488.0,28.2,9.8,18.3,"Mechanical valuation scenario, not a price target"
ROR,Rotork plc,Rerate to peer median,181.7,24.31,4.42,-0.07,524.84,488.0,7.5,0.0,7.5,"Mechanical valuation scenario, not a price target"
ROR,Rotork plc,Rerate to sector median,181.7,16.93,3.08,-0.07,367.6,488.0,-24.7,0.0,-24.7,"Mechanical valuation scenario, not a price target"
ROR,Rotork plc,Rerate to own 5y median,181.7,16.34,2.97,-0.07,355.23,488.0,-27.2,0.0,-27.2,"Mechanical valuation scenario, not a price target"
SMIN,Smiths Group plc,"Bear (-10% EBITDA, peer Q1)",622.8,15.36,9.57,0.87,2507.75,2831.0,-11.4,-10.9,-0.5,"Mechanical valuation scenario, not a price target"
SMIN,Smiths Group plc,"Base (LTM EBITDA, current multiple)",692.0,15.44,10.68,0.87,2831.0,2831.0,0.0,0.0,0.0,"Mechanical valuation scenario, not a price target"
SMIN,Smiths Group plc,"Bull (+10% EBITDA, peer Q3)",761.2,24.98,19.02,0.87,5240.11,2831.0,85.1,10.9,74.2,"Mechanical valuation scenario, not a price target"
SMIN,Smiths Group plc,Rerate to peer median,692.0,22.26,15.4,0.87,4195.72,2831.0,48.2,0.0,48.2,"Mechanical valuation scenario, not a price target"
SMIN,Smiths Group plc,Rerate to sector median,692.0,16.93,11.71,0.87,3128.62,2831.0,10.5,0.0,10.5,"Mechanical valuation scenario, not a price target"
SMIN,Smiths Group plc,Rerate to own 5y median,692.0,17.42,12.05,0.87,3227.4,2831.0,14.0,0.0,14.0,"Mechanical valuation scenario, not a price target"
SPX,Spirax Group plc,"Bear (-10% EBITDA, peer Q1)",338.1,18.43,6.23,0.65,7566.82,7195.0,5.2,-11.2,16.4,"Mechanical valuation scenario, not a price target"
SPX,Spirax Group plc,"Base (LTM EBITDA, current multiple)",375.7,15.86,5.96,0.65,7195.0,7195.0,0.0,0.0,0.0,"Mechanical valuation scenario, not a price target"
SPX,Spirax Group plc,"Bull (+10% EBITDA, peer Q3)",413.3,34.56,14.28,0.65,18492.82,7195.0,157.0,11.2,145.8,"Mechanical valuation scenario, not a price target"
SPX,Spirax Group plc,Rerate to peer median,375.7,23.32,8.76,0.65,11000.84,7195.0,52.9,0.0,52.9,"Mechanical valuation scenario, not a price target"
SPX,Spirax Group plc,Rerate to sector median,375.7,16.93,6.36,0.65,7739.61,7195.0,7.6,0.0,7.6,"Mechanical valuation scenario, not a price target"
SPX,Spirax Group plc,Rerate to own 5y median,375.7,20.67,7.77,0.65,9648.06,7195.0,34.1,0.0,34.1,"Mechanical valuation scenario, not a price target"
WEIR,Weir Group plc,"Bear (-10% EBITDA, peer Q1)",486.7,8.09,3.94,1.27,1028.29,2712.0,-62.1,-11.8,-50.2,"Mechanical valuation scenario, not a price target"
WEIR,Weir Group plc,"Base (LTM EBITDA, current multiple)",540.8,15.31,8.28,1.27,2712.0,2712.0,0.0,0.0,0.0,"Mechanical valuation scenario, not a price target"
WEIR,Weir Group plc,"Bull (+10% EBITDA, peer Q3)",594.9,27.26,16.22,1.27,5788.75,2712.0,113.4,11.8,101.6,"Mechanical valuation scenario, not a price target"
WEIR,Weir Group plc,Rerate to peer median,540.8,25.4,13.74,1.27,4826.99,2712.0,78.0,0.0,78.0,"Mechanical valuation scenario, not a price target"
WEIR,Weir Group plc,Rerate to sector median,540.8,16.93,9.15,1.27,3050.51,2712.0,12.5,0.0,12.5,"Mechanical valuation scenario, not a price target"
WEIR,Weir Group plc,Rerate to own 5y median,540.8,13.66,7.38,1.27,2364.82,2712.0,-12.8,0.0,-12.8,"Mechanical valuation scenario, not a price target"
ASSAB,Assa Abloy AB (B),"Bear (-10% EBITDA, peer Q1)",26594.1,15.23,405.05,63.95,306.93,355.0,-13.5,-11.6,-1.9,"Mechanical valuation scenario, not a price target"
ASSAB,Assa Abloy AB (B),"Base (LTM EBITDA, current multiple)",29549.0,15.51,458.44,63.95,355.0,355.0,0.0,0.0,0.0,"Mechanical valuation scenario, not a price target"
ASSAB,Assa Abloy AB (B),"Bull (+10% EBITDA, peer Q3)",32503.9,15.23,495.06,63.95,387.97,355.0,9.3,11.6,-2.3,"Mechanical valuation scenario, not a price target"
ASSAB,Assa Abloy AB (B),Rerate to peer median,29549.0,15.23,450.06,63.95,347.45,355.0,-2.1,0.0,-2.1,"Mechanical valuation scenario, not a price target"
ASSAB,Assa Abloy AB (B),Rerate to sector median,29549.0,16.93,500.15,63.95,392.55,355.0,10.6,0.0,10.6,"Mechanical valuation scenario, not a price target"
ASSAB,Assa Abloy AB (B),Rerate to own 5y median,29549.0,16.11,475.89,63.95,370.7,355.0,4.4,0.0,4.4,"Mechanical valuation scenario, not a price target"
ATCOA,Atlas Copco AB (A),"Bear (-10% EBITDA, peer Q1)",39413.7,7.38,290.69,14.09,56.77,208.2,-72.7,-10.1,-62.6,"Mechanical valuation scenario, not a price target"
ATCOA,Atlas Copco AB (A),"Base (LTM EBITDA, current multiple)",43793.0,23.47,1027.96,14.09,208.2,208.2,0.0,0.0,0.0,"Mechanical valuation scenario, not a price target"
ATCOA,Atlas Copco AB (A),"Bull (+10% EBITDA, peer Q3)",48172.3,41.35,1991.72,14.09,406.14,208.2,95.1,10.1,84.9,"Mechanical valuation scenario, not a price target"
ATCOA,Atlas Copco AB (A),Rerate to peer median,43793.0,16.05,702.75,14.09,141.41,208.2,-32.1,0.0,-32.1,"Mechanical valuation scenario, not a price target"
ATCOA,Atlas Copco AB (A),Rerate to sector median,43793.0,16.93,741.25,14.09,149.31,208.2,-28.3,0.0,-28.3,"Mechanical valuation scenario, not a price target"
ATCOA,Atlas Copco AB (A),Rerate to own 5y median,43793.0,19.51,854.4,14.09,172.55,208.2,-17.1,0.0,-17.1,"Mechanical valuation scenario, not a price target"
EPIA,Epiroc AB (A),"Bear (-10% EBITDA, peer Q1)",13810.5,27.26,376.52,9.13,303.9,264.9,14.7,-10.3,25.0,"Mechanical valuation scenario, not a price target"
EPIA,Epiroc AB (A),"Base (LTM EBITDA, current multiple)",15345.0,21.46,329.38,9.13,264.9,264.9,0.0,0.0,0.0,"Mechanical valuation scenario, not a price target"
EPIA,Epiroc AB (A),"Bull (+10% EBITDA, peer Q3)",16879.5,27.26,460.19,9.13,373.11,264.9,40.9,10.3,30.6,"Mechanical valuation scenario, not a price target"
EPIA,Epiroc AB (A),Rerate to peer median,15345.0,27.26,418.35,9.13,338.51,264.9,27.8,0.0,27.8,"Mechanical valuation scenario, not a price target"
EPIA,Epiroc AB (A),Rerate to sector median,15345.0,16.93,259.73,9.13,207.29,264.9,-21.7,0.0,-21.7,"Mechanical valuation scenario, not a price target"
EPIA,Epiroc AB (A),Rerate to own 5y median,15345.0,83.48,1281.0,9.13,1052.1,264.9,297.2,0.0,297.2,"Mechanical valuation scenario, not a price target"
METSO,Metso Oyj,"Bear (-10% EBITDA, peer Q1)",824.4,14.48,11.94,1.13,13.04,16.9,-22.8,-10.8,-12.0,"Mechanical valuation scenario, not a price target"
METSO,Metso Oyj,"Base (LTM EBITDA, current multiple)",916.0,16.51,15.13,1.13,16.9,16.9,0.0,0.0,0.0,"Mechanical valuation scenario, not a price target"
METSO,Metso Oyj,"Bull (+10% EBITDA, peer Q3)",1007.6,27.26,27.47,1.13,31.81,16.9,88.2,10.8,77.4,"Mechanical valuation scenario, not a price target"
METSO,Metso Oyj,Rerate to peer median,916.0,20.87,19.12,1.13,21.72,16.9,28.5,0.0,28.5,"Mechanical valuation scenario, not a price target"
METSO,Metso Oyj,Rerate to sector median,916.0,16.93,15.5,1.13,17.36,16.9,2.7,0.0,2.7,"Mechanical valuation scenario, not a price target"
METSO,Metso Oyj,Rerate to own 5y median,916.0,13.72,12.57,1.13,13.81,16.9,-18.3,0.0,-18.3,"Mechanical valuation scenario, not a price target"
SAND,Sandvik AB,"Bear (-10% EBITDA, peer Q1)",26010.9,8.09,210.37,33.25,141.2,378.5,-62.7,-10.7,-52.0,"Mechanical valuation scenario, not a price target"
SAND,Sandvik AB,"Base (LTM EBITDA, current multiple)",28901.0,17.58,508.03,33.25,378.5,378.5,-0.0,0.0,0.0,"Mechanical valuation scenario, not a price target"
SAND,Sandvik AB,"Bull (+10% EBITDA, peer Q3)",31791.1,27.26,866.73,33.25,664.46,378.5,75.5,10.7,64.8,"Mechanical valuation scenario, not a price target"
SAND,Sandvik AB,Rerate to peer median,28901.0,17.68,510.84,33.25,380.74,378.5,0.6,0.0,0.6,"Mechanical valuation scenario, not a price target"
SAND,Sandvik AB,Rerate to sector median,28901.0,16.93,489.19,33.25,363.48,378.5,-4.0,0.0,-4.0,"Mechanical valuation scenario, not a price target"
SAND,Sandvik AB,Rerate to own 5y median,28901.0,12.52,361.7,33.25,261.84,378.5,-30.8,0.0,-30.8,"Mechanical valuation scenario, not a price target"
SKFB,SKF AB (B),"Bear (-10% EBITDA, peer Q1)",9862.2,5.7,56.21,-3.47,126.42,271.7,-53.5,-9.9,-43.6,"Mechanical valuation scenario, not a price target"
SKFB,SKF AB (B),"Base (LTM EBITDA, current multiple)",10958.0,11.17,122.36,-3.47,271.7,271.7,0.0,0.0,0.0,"Mechanical valuation scenario, not a price target"
SKFB,SKF AB (B),"Bull (+10% EBITDA, peer Q3)",12053.8,8.27,99.68,-3.47,221.9,271.7,-18.3,9.9,-28.2,"Mechanical valuation scenario, not a price target"
SKFB,SKF AB (B),Rerate to peer median,10958.0,6.98,76.54,-3.47,171.06,271.7,-37.0,0.0,-37.0,"Mechanical valuation scenario, not a price target"
SKFB,SKF AB (B),Rerate to sector median,10958.0,16.93,185.48,-3.47,410.31,271.7,51.0,0.0,51.0,"Mechanical valuation scenario, not a price target"
SKFB,SKF AB (B),Rerate to own 5y median,10958.0,7.72,84.65,-3.47,188.88,271.7,-30.5,0.0,-30.5,"Mechanical valuation scenario, not a price target"
RR,Rolls-Royce Holdings plc,"Bear (-10% EBITDA, peer Q1)",6606.9,14.92,98.58,-1.78,1192.31,1481.2,-19.5,-9.9,-9.6,"Mechanical valuation scenario, not a price target"
RR,Rolls-Royce Holdings plc,"Base (LTM EBITDA, current multiple)",7341.0,16.74,122.89,-1.78,1481.2,1481.2,-0.0,0.0,0.0,"Mechanical valuation scenario, not a price target"
RR,Rolls-Royce Holdings plc,"Bull (+10% EBITDA, peer Q3)",8075.1,30.16,243.53,-1.78,2914.8,1481.2,96.8,9.9,86.9,"Mechanical valuation scenario, not a price target"
RR,Rolls-Royce Holdings plc,Rerate to peer median,7341.0,22.37,164.23,-1.78,1972.4,1481.2,33.2,0.0,33.2,"Mechanical valuation scenario, not a price target"
RR,Rolls-Royce Holdings plc,Rerate to sector median,7341.0,16.93,124.26,-1.78,1497.38,1481.2,1.1,0.0,1.1,"Mechanical valuation scenario, not a price target"
RR,Rolls-Royce Holdings plc,Rerate to own 5y median,7341.0,11.55,84.79,-1.78,1028.37,1481.2,-30.6,0.0,-30.6,"Mechanical valuation scenario, not a price target"
MRO,Melrose Industries plc,"Bear (-10% EBITDA, peer Q1)",885.6,19.76,17.5,1.74,1239.38,472.9,162.1,-12.9,175.0,"Mechanical valuation scenario, not a price target"
MRO,Melrose Industries plc,"Base (LTM EBITDA, current multiple)",984.0,7.88,7.75,1.74,472.9,472.9,0.0,0.0,0.0,"Mechanical valuation scenario, not a price target"
MRO,Melrose Industries plc,"Bull (+10% EBITDA, peer Q3)",1082.4,26.52,28.7,1.74,2119.79,472.9,348.3,12.9,335.4,"Mechanical valuation scenario, not a price target"
MRO,Melrose Industries plc,Rerate to peer median,984.0,23.98,23.6,1.74,1718.86,472.9,263.5,0.0,263.5,"Mechanical valuation scenario, not a price target"
MRO,Melrose Industries plc,Rerate to sector median,984.0,16.93,16.66,1.74,1172.83,472.9,148.0,0.0,148.0,"Mechanical valuation scenario, not a price target"
MRO,Melrose Industries plc,Rerate to own 5y median,984.0,19.41,19.1,1.74,1364.97,472.9,188.6,0.0,188.6,"Mechanical valuation scenario, not a price target"
