subgroup,coverage_group,key,company,ticker,price,quote_ccy,report_ccy,mcap_usd_bn,ev_report_ccy_bn,estimate_basis,ev_ebitda_ltm,ev_ebit_ltm,pe_ltm,ev_rev_ltm,fcf_yield_pct,peer_median_ev_ebitda,prem_disc_vs_peers_pct,sector_median_ev_ebitda,prem_disc_vs_sector_pct,hist_median_ev_ebitda,hist_percentile,hist_zscore,hist_years,rev_growth_pct,ebitda_growth_pct,ebitda_margin_pct,margin_chg_pp,fcf_conversion,nd_ebitda,interest_cover,rel_1m_pct,rel_3m_pct,rel_12m_pct,drawdown_52w_pct,valuation_state,fundamental_state,momentum_state,trend,momentum_change,recent_signal,classification,data_quality
Automation & Electrical Equipment,ABB,ABBN,ABB Ltd,ABBN SW,81.9,CHF,USD,179.06,182.73,LTM reported fallback,26.38,31.9,37.13,5.5,2.5,30.8,-14.3,16.86,56.5,20.09,83.3,0.8,6,8.6,19.2,20.8,1.8,0.93,0.44,66.62,4.27,-4.58,23.68,-8.1,discount,improving,fading uptrend,Uptrend,Weakening,No recent crossover,discount · improving fundamentals,"income statement uses latest fiscal year (interim quarters unavailable); trades in CHF, reports in USD — EV built in USD at spot CHF/USD"
Automation & Electrical Equipment,Alstom & Stadler,ALO,Alstom SA,ALO FP,15.07,EUR,EUR,7.89,8.34,LTM reported fallback,5.72,11.93,19.08,0.44,4.7,20.04,-71.5,16.86,-66.1,9.73,0.0,-1.52,6,3.7,15.3,7.6,0.8,0.89,0.86,5.83,-1.76,0.09,-51.35,-50.1,deep discount,improving,established downtrend,Downtrend,Strengthening,No recent crossover,deep discount · improving fundamentals,income statement uses latest fiscal year (interim quarters unavailable); Alstom FY ends March; Bombardier Transportation acquired Jan 2021
Automation & Electrical Equipment,Alstom & Stadler,SRAIL,Stadler Rail AG,SRAIL SW,30.68,CHF,CHF,3.67,3.39,LTM reported fallback,10.91,21.09,30.47,0.92,-20.6,20.04,-45.6,16.86,-35.3,12.57,50.0,-0.37,6,13.0,29.5,8.4,1.1,-6.27,0.89,3.79,5.29,27.4,39.93,-3.2,deep discount,improving,fading uptrend,Uptrend,Strengthening,No recent crossover,deep discount · improving fundamentals,income statement uses latest fiscal year (interim quarters unavailable)
Automation & Electrical Equipment,Legrand,LR,Legrand SA,LR FP,144.55,EUR,EUR,42.9,42.58,LTM reported fallback,18.77,23.54,30.25,4.49,3.5,25.13,-25.3,16.86,11.3,14.54,100.0,2.25,6,9.6,7.4,23.9,-0.5,1.06,2.06,10.77,-2.36,-5.19,-13.3,-13.4,discount,stable,established downtrend,Uptrend,Weakening,No recent crossover,discount · stable fundamentals,income statement uses latest fiscal year (interim quarters unavailable)
Automation & Electrical Equipment,Nexans & Prysmian,NEX,Nexans SA,NEX FP,136.4,EUR,EUR,6.73,6.23,LTM reported fallback,8.76,14.31,16.6,0.8,7.8,12.11,-27.7,16.86,-48.1,7.14,83.3,1.03,6,12.9,29.5,9.1,1.2,1.3,0.37,7.63,8.08,6.44,-26.1,-19.3,discount,improving,established downtrend,Uptrend,Weakening,No recent crossover,discount · improving fundamentals,income statement uses latest fiscal year (interim quarters unavailable)
Automation & Electrical Equipment,Nexans & Prysmian,PRY,Prysmian SpA,PRY IM,129.8,EUR,EUR,43.22,42.23,LTM reported fallback,16.48,28.79,29.49,2.15,3.6,12.11,36.1,16.86,-2.3,11.7,100.0,2.25,6,15.4,50.8,13.0,3.1,1.06,1.51,6.67,18.01,-0.84,16.79,-17.5,extreme premium,improving,established downtrend,Uptrend,Weakening,No recent crossover,extreme premium · improving fundamentals,income statement uses latest fiscal year (interim quarters unavailable)
Automation & Electrical Equipment,Rexel,RXL,Rexel SA,RXL FP,35.38,EUR,EUR,11.83,14.51,LTM reported fallback,9.4,12.88,17.66,0.75,6.2,26.61,-64.7,16.86,-44.3,6.64,100.0,2.04,6,0.7,3.0,8.0,0.2,1.1,2.63,5.03,-12.15,-20.45,-14.09,-11.1,deep discount,stable,emerging breakdown,Uptrend,Weakening,No recent crossover,deep discount · stable fundamentals,income statement uses latest fiscal year (interim quarters unavailable)
Automation & Electrical Equipment,Schneider Electric,SU,Schneider Electric SE,SU FP,303.0,EUR,EUR,192.95,183.84,LTM reported fallback,21.11,26.23,39.15,4.58,2.7,29.86,-29.3,16.86,25.2,15.79,100.0,3.55,6,5.2,6.0,21.7,0.2,1.05,1.52,12.98,1.51,8.1,-6.63,-3.0,discount,improving,established uptrend,Uptrend,Strengthening,No recent crossover,discount · improving fundamentals,income statement uses latest fiscal year (interim quarters unavailable)
Automation & Electrical Equipment,Siemens,SIE,Siemens AG,SIE GY,276.1,EUR,EUR,245.71,255.86,LTM reported fallback,15.72,25.48,25.41,3.21,5.0,28.42,-44.7,16.86,-6.8,13.23,100.0,2.06,6,3.9,-1.5,20.4,-1.0,1.27,1.99,5.81,-0.32,-0.1,-4.64,-5.3,deep discount,deteriorating,established uptrend,Uptrend,Stable,No recent crossover,deep discount · deteriorating fundamentals,OK
Trucks & Elevators,Daimler Truck & Traton,DTG,Daimler Truck Holding AG,DTG GY,40.68,EUR,EUR,35.43,47.55,LTM reported fallback,11.34,17.26,15.39,1.04,9.1,15.27,-25.7,16.86,-32.8,9.0,100.0,1.45,5,-15.8,-20.8,9.2,-0.6,1.41,3.75,6.48,7.1,8.64,1.45,-18.8,discount,deteriorating,fading uptrend,Uptrend,Weakening,No recent crossover,discount · deteriorating fundamentals,income statement uses latest fiscal year (interim quarters unavailable); captive finance operations: consolidated net debt includes financial-services funding — EV multiples not comparable with industrial-only definitions
Trucks & Elevators,Daimler Truck & Traton,8TRA,TRATON SE,8TRA GY,34.04,EUR,EUR,19.28,40.69,LTM reported fallback,6.6,14.11,11.02,0.92,-11.1,15.27,-56.8,16.86,-60.9,2.83,83.3,1.13,6,-7.2,-28.3,14.0,-4.1,-1.23,3.84,4.4,10.11,15.2,5.4,-17.7,deep discount,deteriorating,fading uptrend,Uptrend,Weakening,No recent crossover,deep discount · deteriorating fundamentals,income statement uses latest fiscal year (interim quarters unavailable); captive finance operations: consolidated net debt includes financial-services funding — EV multiples not comparable with industrial-only definitions
Trucks & Elevators,Paccar,PCAR,PACCAR Inc,PCAR US,109.68,USD,USD,57.85,57.85,LTM reported fallback,16.27,18.32,23.36,2.08,6.5,11.38,43.0,16.86,-3.5,,,,,-15.5,,12.8,,1.52,0.0,,3.23,4.96,-0.86,-21.2,extreme premium,deteriorating,emerging breakdown,Uptrend,Weakening,No recent crossover,extreme premium · deteriorating fundamentals,EBIT reconstructed as LTM pretax income + interest expense (approximate); cash unavailable -- net debt overstated; debt unavailable from XBRL -- EV may be understated; captive finance operations: consolidated net debt includes financial-services funding — EV multiples not comparable with industrial-only definitions
Trucks & Elevators,Volvo,VOLVB,Volvo AB (B),VOLVB SS,314.8,SEK,SEK,63.95,825.17,LTM reported fallback,11.66,17.29,19.37,1.76,3.0,16.27,-28.3,16.86,-30.8,8.57,100.0,2.23,6,-9.0,-22.6,15.1,-2.6,0.59,2.62,26.03,4.78,0.58,-9.58,-15.9,discount,deteriorating,fading uptrend,Uptrend,Weakening,No recent crossover,discount · deteriorating fundamentals,captive finance operations: consolidated net debt includes financial-services funding — EV multiples not comparable with industrial-only definitions
Trucks & Elevators,Kone & Schindler,KNEBV,KONE Oyj (B),KNEBV FH,50.92,EUR,EUR,29.87,26.88,LTM reported fallback,15.93,20.12,26.58,2.39,4.4,20.77,-23.3,16.86,-5.5,17.71,33.3,-0.72,6,1.3,6.7,15.0,0.8,1.17,0.28,33.07,-1.35,0.36,-16.67,-21.0,discount,stable,established downtrend,Downtrend,Weakening,No recent crossover,discount · stable fundamentals,income statement uses latest fiscal year (interim quarters unavailable)
Trucks & Elevators,Kone & Schindler,SCHP,Schindler Holding (PC),SCHP SW,260.4,CHF,CHF,33.37,24.38,LTM reported fallback,14.2,17.69,25.99,2.23,5.0,20.77,-31.6,16.86,-15.8,15.25,33.3,-0.4,6,-2.6,5.6,15.7,1.2,1.29,-2.09,32.05,0.78,-2.42,-18.67,-17.1,deep discount,deteriorating,established downtrend,Downtrend,Weakening,No recent crossover,deep discount · deteriorating fundamentals,income statement uses latest fiscal year (interim quarters unavailable)
Trucks & Elevators,Otis,OTIS,Otis Worldwide Corp,OTIS US,64.05,USD,USD,24.95,31.94,LTM reported fallback,13.12,14.13,16.85,2.18,,23.48,-44.1,16.86,-22.2,17.68,0.0,-4.6,6,1.2,5.4,16.6,0.6,,2.87,,-8.37,-7.41,-49.35,-32.3,deep discount,stable,established downtrend,Downtrend,Strengthening,No recent crossover,deep discount · stable fundamentals,OK
UK Industrials,Halma,HLMA,Halma plc,HLMA LN,3600.0,GBp,GBP,18.04,14.37,LTM reported fallback,21.68,27.32,36.52,5.56,3.0,34.85,-37.8,16.86,28.6,24.34,16.7,-0.76,6,14.9,24.0,25.7,1.9,1.1,1.16,15.11,-10.56,-21.94,-197.17,-26.6,deep discount,improving,established downtrend,Downtrend,Strengthening,New negative crossover,deep discount · improving fundamentals,income statement uses latest fiscal year (interim quarters unavailable); quoted in GBp (pence); financials GBP
UK Industrials,IMI,IMI,IMI plc,IMI LN,3130.0,GBp,GBP,10.35,8.34,LTM reported fallback,15.26,19.73,25.19,3.62,4.1,22.8,-33.1,16.86,-9.5,11.16,100.0,2.15,6,4.3,13.1,23.7,1.9,1.02,0.97,15.03,3.09,7.12,17.85,-1.9,deep discount,improving,established uptrend,Uptrend,Strengthening,No recent crossover,deep discount · improving fundamentals,income statement uses latest fiscal year (interim quarters unavailable); quoted in GBp (pence); financials GBP
UK Industrials,Rotork,ROR,Rotork plc,ROR LN,488.0,GBp,GBP,5.53,4.1,LTM reported fallback,22.58,26.75,35.64,5.28,2.7,24.47,-7.7,16.86,33.9,16.34,100.0,2.69,6,3.0,11.4,23.4,1.8,0.95,-0.36,66.7,-1.91,55.2,18.02,-0.2,fair,improving,fading uptrend,Uptrend,Strengthening,No recent crossover,fair · improving fundamentals,income statement uses latest fiscal year (interim quarters unavailable); quoted in GBp (pence); financials GBP
UK Industrials,Smiths Group,SMIN,Smiths Group plc,SMIN LN,2816.0,GBp,GBP,12.92,10.63,LTM reported fallback,15.36,20.17,38.81,3.83,3.4,22.8,-32.6,16.86,-8.9,17.42,40.0,0.07,5,-8.5,10.7,24.9,4.3,1.32,1.25,7.32,14.46,17.28,9.16,-2.4,deep discount,deteriorating,established uptrend,Uptrend,Strengthening,No recent crossover,deep discount · deteriorating fundamentals,income statement uses latest fiscal year (interim quarters unavailable); Smiths FY ends July; latest FY income statement partially unreported in provider data; quoted in GBp (pence); financials GBP
UK Industrials,Spirax Group,SPX,Spirax Group plc,SPX LN,7240.0,GBp,GBP,7.08,5.99,LTM reported fallback,15.95,22.57,32.62,3.52,4.3,23.62,-32.5,16.86,-5.4,20.67,33.3,-1.01,6,2.3,-10.4,22.1,-3.1,1.39,1.74,5.65,3.75,5.52,-14.47,-10.1,deep discount,deteriorating,emerging positive inflection,Downtrend,Weakening,No recent crossover,deep discount · deteriorating fundamentals,income statement uses latest fiscal year (interim quarters unavailable); quoted in GBp (pence); financials GBP
UK Industrials,Weir Group,WEIR,Weir Group plc,WEIR LN,2580.0,GBp,GBP,8.83,7.94,LTM reported fallback,14.68,19.16,26.88,3.1,4.8,25.57,-42.6,16.86,-12.9,13.66,66.7,0.66,6,2.4,4.1,21.1,0.4,1.29,2.36,5.3,0.96,7.02,-55.95,-27.9,deep discount,stable,fading uptrend,Downtrend,Stable,No recent crossover,deep discount · stable fundamentals,income statement uses latest fiscal year (interim quarters unavailable); quoted in GBp (pence); financials GBP
Nordic Industrial Machinery,Assa Abloy,ASSAB,Assa Abloy AB (B),ASSAB SS,354.3,SEK,SEK,39.32,457.66,LTM reported fallback,15.49,19.39,26.76,3.0,4.7,15.12,2.4,16.86,-8.1,16.11,33.3,-0.1,6,1.5,-0.9,19.4,-0.5,1.27,2.16,7.12,1.29,-6.61,21.74,-10.7,fair,stable,established uptrend,Uptrend,Strengthening,New positive crossover,fair · stable fundamentals,income statement uses latest fiscal year (interim quarters unavailable)
Nordic Industrial Machinery,Atlas Copco,ATCOA,Atlas Copco AB (A),ATCOA SS,209.8,SEK,SEK,102.07,1035.75,LTM reported fallback,23.65,29.75,38.66,6.15,2.6,14.79,59.9,16.86,40.3,19.51,83.3,1.03,6,-4.8,-6.7,26.0,-0.5,1.0,0.32,39.47,9.79,21.25,-34.84,-1.2,extreme premium,deteriorating,established uptrend,Uptrend,Strengthening,No recent crossover,extreme premium · deteriorating fundamentals,income statement uses latest fiscal year (interim quarters unavailable)
Nordic Industrial Machinery,Epiroc,EPIA,Epiroc AB (A),EPIA SS,263.6,SEK,SEK,31.84,327.8,LTM reported fallback,21.36,26.23,37.06,5.29,2.7,27.89,-23.4,16.86,26.7,83.48,50.0,-0.92,4,-2.5,1.0,24.8,0.9,1.01,0.6,15.31,14.12,13.45,-41.2,-7.3,discount,deteriorating,emerging positive inflection,Uptrend,Weakening,No recent crossover,discount · deteriorating fundamentals,income statement uses latest fiscal year (interim quarters unavailable)
Nordic Industrial Machinery,Metso,METSO,Metso Oyj,METSO FH,16.93,EUR,EUR,15.87,15.15,LTM reported fallback,16.54,20.9,32.82,2.89,4.5,21.49,-23.0,16.86,-1.9,13.72,100.0,1.38,6,4.3,-1.1,17.5,-0.9,1.47,1.23,8.43,11.51,25.84,5.42,-10.8,discount,stable,fading uptrend,Uptrend,Weakening,No recent crossover,discount · stable fundamentals,income statement uses latest fiscal year (interim quarters unavailable)
Nordic Industrial Machinery,Sandvik,SAND,Sandvik AB,SAND SS,362.0,SEK,SEK,45.37,487.33,LTM reported fallback,16.86,23.23,30.91,4.04,3.4,18.15,-7.1,16.86,0.0,12.52,100.0,2.69,6,-1.8,5.6,23.9,1.7,1.05,1.15,11.5,4.92,-0.8,-25.69,-12.4,fair,deteriorating,emerging breakdown,Uptrend,Weakening,No recent crossover,fair · deteriorating fundamentals,income statement uses latest fiscal year (interim quarters unavailable)
Nordic Industrial Machinery,SKF,SKFB,SKF AB (B),SKFB SS,275.6,SEK,SEK,12.54,124.14,LTM reported fallback,11.33,18.05,29.54,1.36,3.6,7.07,60.3,16.86,-32.8,7.72,100.0,2.22,6,-7.2,-24.9,12.0,-2.8,1.07,-0.32,7.63,5.98,12.24,-24.73,-1.6,extreme premium,deteriorating,fading uptrend,Uptrend,Strengthening,No recent crossover,extreme premium · deteriorating fundamentals,income statement uses latest fiscal year (interim quarters unavailable)
Aerospace & Defence,Rolls-Royce,RR,Rolls-Royce Holdings plc,RR/ LN,1477.2,GBp,GBP,164.88,122.56,LTM reported fallback,16.69,27.78,21.3,5.78,2.9,22.58,-26.0,16.86,-1.0,11.55,100.0,1.95,4,12.2,111.6,34.6,16.3,0.61,-0.24,14.61,13.72,14.54,-1.69,-6.9,discount,improving,fading uptrend,Uptrend,Stable,No recent crossover,discount · improving fundamentals,income statement uses latest fiscal year (interim quarters unavailable); quoted in GBp (pence); financials GBP
Aerospace & Defence,Melrose Industries,MRO,Melrose Industries plc,MRO LN,470.0,GBp,GBP,7.93,7.72,LTM reported fallback,7.84,12.86,16.16,2.15,2.0,24.5,-68.0,16.86,-53.5,19.41,0.0,-1.52,5,3.5,151.0,27.4,16.1,0.32,1.77,4.76,9.68,8.88,-57.94,-31.4,deep discount,improving,established downtrend,Downtrend,Stable,No recent crossover,deep discount · improving fundamentals,income statement uses latest fiscal year (interim quarters unavailable); Melrose 2023 Dowlais demerger: pre-2023 figures not comparable; quoted in GBp (pence); financials GBP
