subgroup,coverage_group,role,key,company,ticker,ccy,close_px,prev_close,move_1d_pct,move_5d_pct,move_1m_pct,move_3m_pct,move_6m_pct,move_12m_pct,corr30,corr30_nobs,corr90,corr90_nobs,corr30_display,corr_vs,rel_vs_basket_pct,big_move,quote_time
Automation & Electrical Equipment,ABB,coverage,ABBN,ABB Ltd,ABBN SW,CHF,79.78,80.18,-0.5,0.2,-4.34,-7.54,19.6,42.62,,,,,,,0.65,False,2026-09-28
Automation & Electrical Equipment,ABB,peer,ETN,Eaton Corp plc,ETN US,USD,431.41,439.98,-1.95,-0.92,5.92,7.13,20.72,18.01,0.78,18,0.75,52,0.78,ABBN,-0.8,False,2026-09-28
Automation & Electrical Equipment,ABB,peer,ROK,Rockwell Automation,ROK US,USD,431.22,434.15,-0.67,1.49,-8.66,-9.56,22.68,25.51,0.37,18,0.53,52,0.37,ABBN,0.47,False,2026-09-28
Automation & Electrical Equipment,ABB,peer,GE,GE Aerospace,GE US,USD,318.24,327.09,-2.71,-0.24,-11.42,-13.76,12.53,7.89,0.41,18,0.32,52,0.41,ABBN,-1.56,False,2026-09-28
Automation & Electrical Equipment,ABB,peer,EMR,Emerson Electric,EMR US,USD,159.39,158.23,0.73,5.06,14.77,11.08,27.11,23.94,0.46,18,0.51,52,0.46,ABBN,1.88,False,2026-09-28
Automation & Electrical Equipment,Alstom & Stadler,coverage,ALO,Alstom SA,ALO FP,EUR,14.72,14.54,1.24,-4.81,-4.69,-7.27,-40.39,-31.97,0.38,20,0.4,60,0.38,SRAIL,1.01,False,2026-09-28
Automation & Electrical Equipment,Alstom & Stadler,coverage,SRAIL,Stadler Rail AG,SRAIL SW,CHF,29.86,29.94,-0.27,0.54,28.28,25.59,48.96,50.76,0.38,20,0.4,60,0.38,ALO,-0.5,False,2026-09-28
Automation & Electrical Equipment,Alstom & Stadler,peer,WAB,Wabtec,WAB US,USD,292.37,288.0,1.52,3.17,11.93,8.47,21.26,48.66,0.44,18,0.22,52,0.44 / 0.47,ALO / SRAIL,1.29,False,2026-09-28
Automation & Electrical Equipment,Alstom & Stadler,peer,GBX,Greenbrier,GBX US,USD,42.09,42.54,-1.06,0.31,-11.01,-16.44,-17.65,-8.94,0.52,18,0.37,52,0.52 / 0.50,ALO / SRAIL,-1.29,False,2026-09-28
Automation & Electrical Equipment,Legrand,coverage,LR,Legrand SA,LR FP,EUR,134.85,134.85,-0.0,-0.7,-3.16,-8.67,-2.88,-5.07,,,,,,,0.58,False,2026-09-28
Automation & Electrical Equipment,Legrand,peer,ETN,Eaton Corp plc,ETN US,USD,431.41,439.98,-1.95,-0.92,5.92,7.13,20.72,18.01,0.85,18,0.64,52,0.85,LR,-1.37,False,2026-09-28
Automation & Electrical Equipment,Legrand,peer,TT,Trane Technologies,TT US,USD,452.06,454.44,-0.52,4.32,0.69,-5.41,10.2,8.87,0.64,19,0.48,54,0.64,LR,0.06,False,2026-09-28
Automation & Electrical Equipment,Legrand,peer,EMR,Emerson Electric,EMR US,USD,159.39,158.23,0.73,5.06,14.77,11.08,27.11,23.94,0.61,18,0.46,52,0.61,LR,1.31,False,2026-09-28
Automation & Electrical Equipment,Nexans & Prysmian,coverage,NEX,Nexans SA,NEX FP,EUR,133.4,135.6,-1.62,-0.88,1.35,-7.5,13.66,3.51,0.86,20,0.84,61,0.86,PRY,0.3,False,2026-09-28
Automation & Electrical Equipment,Nexans & Prysmian,coverage,PRY,Prysmian SpA,PRY IM,EUR,122.55,122.4,0.12,-0.04,-8.21,-17.35,24.36,50.41,0.86,20,0.84,61,0.86,NEX,2.04,False,2026-09-28
Automation & Electrical Equipment,Nexans & Prysmian,peer,ATKR,Atkore,ATKR US,USD,94.6,94.57,0.03,0.14,30.95,21.55,59.99,55.69,0.21,18,0.37,52,0.21 / 0.14,NEX / PRY,1.95,False,2026-09-28
Automation & Electrical Equipment,Nexans & Prysmian,peer,BDC,Belden,BDC US,USD,109.82,112.45,-2.34,-0.66,-4.68,-8.12,-2.71,-11.51,0.65,19,0.58,54,0.65 / 0.80,NEX / PRY,-0.42,False,2026-09-28
Automation & Electrical Equipment,Nexans & Prysmian,peer,VISN,Vistance Networks,VISN US,USD,6.09,6.22,-2.09,-6.02,0.5,-51.59,-66.07,-60.45,-0.01,19,0.23,54,-0.01 / 0.07,NEX / PRY,-0.17,False,2026-09-28
Automation & Electrical Equipment,Nexans & Prysmian,peer,GLW,Corning,GLW US,USD,151.59,156.74,-3.29,-4.65,1.75,-31.42,10.8,91.04,0.72,19,0.57,54,0.72 / 0.79,NEX / PRY,-1.36,True,2026-09-28
Automation & Electrical Equipment,Rexel,coverage,RXL,Rexel SA,RXL FP,EUR,35.1,36.31,-3.33,1.17,-6.56,-2.65,8.84,34.88,,,,,,,-3.01,True,2026-09-28
Automation & Electrical Equipment,Rexel,peer,FAST,Fastenal,FAST US,USD,50.49,50.43,0.12,1.69,8.6,7.2,12.32,3.68,0.2,18,0.29,52,0.20,RXL,0.44,False,2026-09-28
Automation & Electrical Equipment,Rexel,peer,WCC,WESCO International,WCC US,USD,364.67,367.44,-0.75,2.63,8.4,4.99,39.12,70.58,0.73,19,0.62,54,0.73,RXL,-0.44,False,2026-09-28
Automation & Electrical Equipment,Schneider Electric,coverage,SU,Schneider Electric SE,SU FP,EUR,290.5,291.0,-0.17,1.84,8.36,4.1,17.36,25.95,,,,,,,0.98,False,2026-09-28
Automation & Electrical Equipment,Schneider Electric,peer,ETN,Eaton Corp plc,ETN US,USD,431.41,439.98,-1.95,-0.92,5.92,7.13,20.72,18.01,0.84,18,0.76,52,0.84,SU,-0.8,False,2026-09-28
Automation & Electrical Equipment,Schneider Electric,peer,VRT,Vertiv Holdings,VRT US,USD,244.04,253.28,-3.65,-2.72,-5.07,-19.71,-2.8,76.05,0.67,19,0.71,54,0.67,SU,-2.5,True,2026-09-28
Automation & Electrical Equipment,Schneider Electric,peer,HON,Honeywell,HON US,USD,211.52,212.55,-0.48,2.44,-6.58,-13.15,-9.61,2.78,0.36,18,0.32,52,0.36,SU,0.66,False,2026-09-28
Automation & Electrical Equipment,Schneider Electric,peer,EMR,Emerson Electric,EMR US,USD,159.39,158.23,0.73,5.06,14.77,11.08,27.11,23.94,0.58,18,0.55,52,0.58,SU,1.88,False,2026-09-28
Automation & Electrical Equipment,Schneider Electric,peer,JCI,Johnson Controls,JCI US,USD,148.89,150.2,-0.87,2.56,6.66,7.58,13.41,39.14,0.78,19,0.6,54,0.78,SU,0.28,False,2026-09-28
Automation & Electrical Equipment,Schneider Electric,peer,ROK,Rockwell Automation,ROK US,USD,431.22,434.15,-0.67,1.49,-8.66,-9.56,22.68,25.51,0.47,18,0.6,52,0.47,SU,0.47,False,2026-09-28
Automation & Electrical Equipment,Siemens,coverage,SIE,Siemens AG,SIE GY,EUR,278.45,278.3,0.05,5.42,2.28,2.17,31.4,24.35,,,,,,,0.85,False,2026-09-28
Automation & Electrical Equipment,Siemens,peer,EMR,Emerson Electric,EMR US,USD,159.39,158.23,0.73,5.06,14.77,11.08,27.11,23.94,0.64,18,0.48,52,0.64,SIE,1.53,False,2026-09-28
Automation & Electrical Equipment,Siemens,peer,HON,Honeywell,HON US,USD,211.52,212.55,-0.48,2.44,-6.58,-13.15,-9.61,2.78,0.4,18,0.29,52,0.40,SIE,0.32,False,2026-09-28
Automation & Electrical Equipment,Siemens,peer,GE,GE Aerospace,GE US,USD,318.24,327.09,-2.71,-0.24,-11.42,-13.76,12.53,7.89,0.59,18,0.3,52,0.59,SIE,-1.9,False,2026-09-28
Automation & Electrical Equipment,Siemens,peer,JCI,Johnson Controls,JCI US,USD,148.89,150.2,-0.87,2.56,6.66,7.58,13.41,39.14,0.45,19,0.48,54,0.45,SIE,-0.07,False,2026-09-28
Automation & Electrical Equipment,Siemens,peer,ROK,Rockwell Automation,ROK US,USD,431.22,434.15,-0.67,1.49,-8.66,-9.56,22.68,25.51,0.42,18,0.52,52,0.42,SIE,0.13,False,2026-09-28
Trucks & Elevators,Daimler Truck & Traton,coverage,DTG,Daimler Truck Holding AG,DTG GY,EUR,43.01,42.54,1.1,-2.18,0.93,1.89,2.75,16.45,0.83,20,0.83,61,0.83,8TRA,1.64,False,2026-09-28
Trucks & Elevators,Daimler Truck & Traton,coverage,8TRA,TRATON SE,8TRA GY,EUR,35.06,35.12,-0.17,-2.93,1.44,7.86,12.71,24.36,0.83,20,0.83,61,0.83,DTG,0.36,False,2026-09-28
Trucks & Elevators,Daimler Truck & Traton,peer,CMI,Cummins,CMI US,USD,517.84,525.06,-1.38,-3.17,-23.39,-24.5,-1.03,23.87,0.05,18,0.26,52,0.05 / 0.07,DTG / 8TRA,-0.84,False,2026-09-28
Trucks & Elevators,Daimler Truck & Traton,peer,PCAR,PACCAR Inc,PCAR US,USD,111.65,111.31,0.31,-2.68,-10.37,-7.48,-0.98,11.09,0.23,18,0.32,52,0.23 / 0.27,DTG / 8TRA,0.84,False,2026-09-28
Trucks & Elevators,Paccar,coverage,PCAR,PACCAR Inc,PCAR US,USD,111.65,111.31,0.31,-2.68,-10.37,-7.48,-0.98,11.09,,,,,,,0.98,False,2026-09-28
Trucks & Elevators,Paccar,peer,CMI,Cummins,CMI US,USD,517.84,525.06,-1.38,-3.17,-23.39,-24.5,-1.03,23.87,0.16,19,0.6,53,0.16,PCAR,-0.7,False,2026-09-28
Trucks & Elevators,Paccar,peer,OSK,Oshkosh,OSK US,USD,132.79,132.75,0.03,-7.39,-9.26,-12.41,-5.36,2.17,0.26,19,0.53,53,0.26,PCAR,0.7,False,2026-09-28
Trucks & Elevators,Volvo,coverage,VOLVB,Volvo AB (B),VOLVB SS,SEK,325.9,325.2,0.22,-2.34,-3.01,-1.19,7.04,21.8,,,,,,,0.61,False,2026-09-28
Trucks & Elevators,Volvo,peer,CMI,Cummins,CMI US,USD,517.84,525.06,-1.38,-3.17,-23.39,-24.5,-1.03,23.87,-0.01,18,0.46,52,-0.01,VOLVB,-0.98,False,2026-09-28
Trucks & Elevators,Volvo,peer,DE,Deere & Co,DE US,USD,689.59,690.46,-0.13,0.71,17.51,12.45,21.7,48.62,-0.04,18,0.41,52,-0.04,VOLVB,0.27,False,2026-09-28
Trucks & Elevators,Volvo,peer,PCAR,PACCAR Inc,PCAR US,USD,111.65,111.31,0.31,-2.68,-10.37,-7.48,-0.98,11.09,0.32,18,0.56,52,0.32,VOLVB,0.7,False,2026-09-28
Trucks & Elevators,Kone & Schindler,coverage,KNEBV,KONE Oyj (B),KNEBV FH,EUR,51.72,51.5,0.43,2.43,3.79,3.77,-7.31,-9.52,0.62,20,0.55,59,0.62,SCHP,0.57,False,2026-09-28
Trucks & Elevators,Kone & Schindler,coverage,SCHP,Schindler Holding (PC),SCHP SW,CHF,263.4,262.8,0.23,4.2,-0.3,-2.23,0.0,-11.99,0.62,20,0.55,59,0.62,KNEBV,0.37,False,2026-09-28
Trucks & Elevators,Kone & Schindler,peer,JCI,Johnson Controls,JCI US,USD,148.89,150.2,-0.87,2.56,6.66,7.58,13.41,39.14,0.04,19,0.0,54,0.04 / 0.31,KNEBV / SCHP,-0.73,False,2026-09-28
Trucks & Elevators,Kone & Schindler,peer,OTIS,Otis Worldwide Corp,OTIS US,USD,66.33,65.94,0.59,-0.47,-9.25,-9.37,-12.67,-26.61,0.3,18,0.27,52,0.30 / 0.05,KNEBV / SCHP,0.73,False,2026-09-28
Trucks & Elevators,Otis,coverage,OTIS,Otis Worldwide Corp,OTIS US,USD,66.33,65.94,0.59,-0.47,-9.25,-9.37,-12.67,-26.61,,,,,,,1.47,False,2026-09-28
Trucks & Elevators,Otis,peer,JCI,Johnson Controls,JCI US,USD,148.89,150.2,-0.87,2.56,6.66,7.58,13.41,39.14,-0.1,19,0.14,53,-0.10,OTIS,0.01,False,2026-09-28
Trucks & Elevators,Otis,peer,CARR,Carrier Global,CARR US,USD,55.87,56.37,-0.89,2.29,-19.43,-24.08,2.99,-5.05,0.3,19,0.39,53,0.30,OTIS,-0.01,False,2026-09-28
UK Industrials,Halma,coverage,HLMA,Halma plc,HLMA LN,GBp,3466.0,3484.0,-0.52,-3.18,-4.57,-11.22,-6.83,3.4,,,,,,,1.51,False,2026-09-28
UK Industrials,Halma,peer,COHR,Coherent,COHR US,USD,282.45,295.83,-4.52,-12.15,-12.96,-25.78,16.01,164.0,0.69,19,0.3,53,0.69,HLMA,-2.5,True,2026-09-28
UK Industrials,Halma,peer,FN,Fabrinet,FN US,USD,409.96,417.39,-1.78,2.09,-12.98,-21.88,-25.73,14.23,0.64,19,0.28,53,0.64,HLMA,0.24,False,2026-09-28
UK Industrials,Halma,peer,LITE,Lumentum,LITE US,USD,921.32,941.65,-2.16,-3.48,14.88,12.77,31.11,473.14,0.68,19,0.19,53,0.68,HLMA,-0.14,False,2026-09-28
UK Industrials,Halma,peer,AME,AMETEK,AME US,USD,251.67,250.74,0.37,4.33,6.53,5.96,20.28,35.03,0.67,19,0.17,54,0.67,HLMA,2.39,False,2026-09-28
UK Industrials,IMI,coverage,IMI,IMI plc,IMI LN,GBp,3126.0,3120.0,0.19,1.56,0.45,6.91,20.6,38.32,,,,,,,0.41,False,2026-09-28
UK Industrials,IMI,peer,WTS,Watts Water,WTS US,USD,358.01,357.79,0.06,2.11,-2.27,-0.35,24.74,28.59,0.64,19,0.51,54,0.64,IMI,0.28,False,2026-09-28
UK Industrials,IMI,peer,EMR,Emerson Electric,EMR US,USD,159.39,158.23,0.73,5.06,14.77,11.08,27.11,23.94,0.64,19,0.48,53,0.64,IMI,0.95,False,2026-09-28
UK Industrials,IMI,peer,BMI,Badger Meter,BMI US,USD,126.53,129.48,-2.28,-3.78,-6.7,-10.19,-13.22,-28.27,0.12,19,0.42,54,0.12,IMI,-2.06,False,2026-09-28
UK Industrials,IMI,peer,FLS,Flowserve,FLS US,USD,74.09,73.82,0.37,-0.78,-7.77,2.11,2.69,37.08,0.79,19,0.48,54,0.79,IMI,0.58,False,2026-09-28
UK Industrials,IMI,peer,CR,Crane Co (Crane NXT line),CR US,USD,206.92,206.83,0.04,4.0,-0.04,-5.54,26.0,13.67,0.56,19,0.41,54,0.56,IMI,0.26,False,2026-09-28
UK Industrials,Rotork,coverage,ROR,Rotork plc,ROR LN,GBp,485.8,485.6,0.04,0.12,0.16,62.8,56.61,43.3,,,,,,,-0.36,False,2026-09-28
UK Industrials,Rotork,peer,EMR,Emerson Electric,EMR US,USD,159.39,158.23,0.73,5.06,14.77,11.08,27.11,23.94,-0.09,19,0.23,53,-0.09,ROR,0.34,False,2026-09-28
UK Industrials,Rotork,peer,ITT,ITT Inc,ITT US,USD,207.18,206.26,0.45,0.73,2.06,7.33,12.18,17.17,-0.21,19,0.28,54,-0.21,ROR,0.05,False,2026-09-28
UK Industrials,Rotork,peer,FLS,Flowserve,FLS US,USD,74.09,73.82,0.37,-0.78,-7.77,2.11,2.69,37.08,0.17,19,0.26,54,0.17,ROR,-0.03,False,2026-09-28
UK Industrials,Rotork,peer,CR,Crane Co (Crane NXT line),CR US,USD,206.92,206.83,0.04,4.0,-0.04,-5.54,26.0,13.67,0.04,19,0.15,54,0.04,ROR,-0.35,False,2026-09-28
UK Industrials,Smiths Group,coverage,SMIN,Smiths Group plc,SMIN LN,GBp,2827.0,2816.0,0.39,9.15,8.23,10.09,23.56,21.85,,,,,,,0.63,False,2026-09-28
UK Industrials,Smiths Group,peer,LII,Lennox International,LII US,USD,368.41,373.77,-1.43,1.31,-33.26,-34.66,-15.86,-29.42,0.61,19,0.36,53,0.61,SMIN,-1.2,False,2026-09-28
UK Industrials,Smiths Group,peer,CARR,Carrier Global,CARR US,USD,55.87,56.37,-0.89,2.29,-19.43,-24.08,2.99,-5.05,0.42,19,0.26,53,0.42,SMIN,-0.65,False,2026-09-28
UK Industrials,Smiths Group,peer,EMR,Emerson Electric,EMR US,USD,159.39,158.23,0.73,5.06,14.77,11.08,27.11,23.94,0.52,19,0.34,53,0.52,SMIN,0.97,False,2026-09-28
UK Industrials,Smiths Group,peer,FLS,Flowserve,FLS US,USD,74.09,73.82,0.37,-0.78,-7.77,2.11,2.69,37.08,0.47,19,0.27,54,0.47,SMIN,0.6,False,2026-09-28
UK Industrials,Smiths Group,peer,CR,Crane Co (Crane NXT line),CR US,USD,206.92,206.83,0.04,4.0,-0.04,-5.54,26.0,13.67,0.57,19,0.32,54,0.57,SMIN,0.28,False,2026-09-28
UK Industrials,Spirax Group,coverage,SPX,Spirax Group plc,SPX LN,GBp,7140.0,7050.0,1.28,-0.63,0.42,3.93,8.26,5.08,,,,,,,0.73,False,2026-09-28
UK Industrials,Spirax Group,peer,DHR,Danaher,DHR US,USD,227.33,224.49,1.27,5.32,14.21,15.87,25.24,22.99,0.41,19,0.32,53,0.41,SPX,0.72,False,2026-09-28
UK Industrials,Spirax Group,peer,IR,Ingersoll Rand,IR US,USD,76.38,76.08,0.39,5.63,-3.13,-6.13,-3.86,-7.19,0.4,19,0.43,53,0.40,SPX,-0.15,False,2026-09-28
UK Industrials,Spirax Group,peer,WTS,Watts Water,WTS US,USD,358.01,357.79,0.06,2.11,-2.27,-0.35,24.74,28.59,0.52,19,0.5,54,0.52,SPX,-0.49,False,2026-09-28
UK Industrials,Spirax Group,peer,IEX,IDEX,IEX US,USD,231.15,230.08,0.47,3.87,4.05,1.74,23.91,43.26,0.35,19,0.48,53,0.35,SPX,-0.08,False,2026-09-28
UK Industrials,Weir Group,coverage,WEIR,Weir Group plc,WEIR LN,GBp,2634.0,2644.0,-0.38,-1.35,-7.45,11.14,-4.36,-2.66,,,,,,,-1.29,False,2026-09-28
UK Industrials,Weir Group,peer,ITT,ITT Inc,ITT US,USD,207.18,206.26,0.45,0.73,2.06,7.33,12.18,17.17,0.29,19,0.31,54,0.29,WEIR,-0.46,False,2026-09-28
UK Industrials,Weir Group,peer,KMT,Kennametal,KMT US,USD,31.8,31.03,2.48,7.91,-5.36,-11.12,-11.86,51.5,0.22,19,0.21,53,0.22,WEIR,1.57,False,2026-09-28
UK Industrials,Weir Group,peer,CAT,Caterpillar,CAT US,USD,819.95,821.58,-0.2,0.42,-13.91,-17.8,17.91,76.05,0.68,19,0.44,53,0.68,WEIR,-1.11,False,2026-09-28
Nordic Industrial Machinery,Assa Abloy,coverage,ASSAB,Assa Abloy AB (B),ASSAB SS,SEK,357.7,355.3,0.68,2.16,7.31,4.16,5.56,11.52,,,,,,,0.09,False,2026-09-28
Nordic Industrial Machinery,Assa Abloy,peer,ALLE,Allegion plc,ALLE US,USD,155.38,154.47,0.59,2.66,-1.33,11.22,7.53,-11.22,0.56,19,0.55,54,0.56,ASSAB,0.0,False,2026-09-28
Nordic Industrial Machinery,Atlas Copco,coverage,ATCOA,Atlas Copco AB (A),ATCOA SS,SEK,203.6,205.4,-0.88,4.16,8.68,5.5,25.51,29.3,,,,,,,-1.94,False,2026-09-28
Nordic Industrial Machinery,Atlas Copco,peer,AMAT,Applied Materials,AMAT US,USD,486.76,485.0,0.36,4.85,-19.21,-22.35,44.37,138.7,0.64,18,0.57,52,0.64,ATCOA,-0.7,False,2026-09-28
Nordic Industrial Machinery,Atlas Copco,peer,EBARA,Ebara Corp,6361 JP,JPY,4565.0,4440.0,2.82,6.16,-2.62,-26.94,2.24,45.52,0.11,16,0.2,52,0.11,ATCOA,1.76,False,2026-09-28
Nordic Industrial Machinery,Atlas Copco,peer,IR,Ingersoll Rand,IR US,USD,76.38,76.08,0.39,5.63,-3.13,-6.13,-3.86,-7.19,0.58,18,0.46,52,0.58,ATCOA,-0.67,False,2026-09-28
Nordic Industrial Machinery,Atlas Copco,peer,KLAC,KLA Corp,KLAC US,USD,189.17,187.92,0.67,2.83,-18.29,-23.92,31.08,77.74,0.68,18,0.52,52,0.68,ATCOA,-0.39,False,2026-09-28
Nordic Industrial Machinery,Epiroc,coverage,EPIA,Epiroc AB (A),EPIA SS,SEK,256.3,260.2,-1.5,3.21,2.44,0.15,13.43,32.48,,,,,,,-1.3,False,2026-09-28
Nordic Industrial Machinery,Epiroc,peer,CAT,Caterpillar,CAT US,USD,819.95,821.58,-0.2,0.42,-13.91,-17.8,17.91,76.05,0.63,18,0.55,52,0.63,EPIA,0.0,False,2026-09-28
Nordic Industrial Machinery,Metso,coverage,METSO,Metso Oyj,METSO FH,EUR,16.9,17.08,-1.05,-0.81,12.66,14.4,13.56,45.42,,,,,,,0.64,False,2026-09-28
Nordic Industrial Machinery,Metso,peer,CAT,Caterpillar,CAT US,USD,819.95,821.58,-0.2,0.42,-13.91,-17.8,17.91,76.05,0.51,18,0.43,52,0.51,METSO,1.5,False,2026-09-28
Nordic Industrial Machinery,Metso,peer,TEX,Terex,TEX US,USD,55.5,57.33,-3.19,-5.8,-17.74,-22.71,-1.67,7.12,0.53,18,0.4,52,0.53,METSO,-1.5,True,2026-09-28
Nordic Industrial Machinery,Sandvik,coverage,SAND,Sandvik AB,SAND SS,SEK,374.1,378.0,-1.03,2.19,-2.9,-4.67,7.02,46.45,,,,,,,-2.17,False,2026-09-28
Nordic Industrial Machinery,Sandvik,peer,CAT,Caterpillar,CAT US,USD,819.95,821.58,-0.2,0.42,-13.91,-17.8,17.91,76.05,0.66,18,0.59,52,0.66,SAND,-1.34,False,2026-09-28
Nordic Industrial Machinery,Sandvik,peer,KMT,Kennametal,KMT US,USD,31.8,31.03,2.48,7.91,-5.36,-11.12,-11.86,51.5,0.38,18,0.45,52,0.38,SAND,1.34,False,2026-09-28
Nordic Industrial Machinery,SKF,coverage,SKFB,SKF AB (B),SKFB SS,SEK,270.1,272.1,-0.74,1.3,4.73,7.76,22.68,17.79,,,,,,,-0.12,False,2026-09-28
Nordic Industrial Machinery,SKF,peer,NSK,NSK Ltd,6471 JP,JPY,1100.0,1100.0,0.0,2.71,-0.05,-5.25,-4.56,39.15,-0.01,16,0.37,52,-0.01,SKFB,0.62,False,2026-09-28
Nordic Industrial Machinery,SKF,peer,NTN,NTN Corp,6472 JP,JPY,386.4,391.3,-1.25,1.55,3.82,-4.47,14.73,10.97,-0.03,16,0.18,52,-0.03,SKFB,-0.64,False,2026-09-28
Nordic Industrial Machinery,SKF,peer,TKR,Timken,TKR US,USD,116.75,117.45,-0.6,1.66,-14.97,-17.33,19.67,54.53,0.46,18,0.33,52,0.46,SKFB,0.02,False,2026-09-28
Aerospace & Defence,Rolls-Royce,coverage,RR,Rolls-Royce Holdings plc,RR/ LN,GBp,1474.4,1481.4,-0.47,-2.02,-3.65,4.85,33.01,24.68,,,,,,,0.83,False,2026-09-28
Aerospace & Defence,Rolls-Royce,peer,GE,GE Aerospace,GE US,USD,318.24,327.09,-2.71,-0.24,-11.42,-13.76,12.53,7.89,0.5,19,0.43,53,0.50,RR,-1.41,False,2026-09-28
Aerospace & Defence,Rolls-Royce,peer,RTX,RTX Corp,RTX US,USD,187.66,189.4,-0.92,-3.44,-4.22,-0.18,-1.08,14.88,0.28,19,0.22,53,0.28,RR,0.38,False,2026-09-28
Aerospace & Defence,Rolls-Royce,peer,CMI,Cummins,CMI US,USD,517.84,525.06,-1.38,-3.17,-23.39,-24.5,-1.03,23.87,0.4,19,0.3,53,0.40,RR,-0.08,False,2026-09-28
Aerospace & Defence,Rolls-Royce,peer,CAT,Caterpillar,CAT US,USD,819.95,821.58,-0.2,0.42,-13.91,-17.8,17.91,76.05,0.65,19,0.34,53,0.65,RR,1.1,False,2026-09-28
Aerospace & Defence,Melrose Industries,coverage,MRO,Melrose Industries plc,MRO LN,GBp,473.6,474.0,-0.08,-2.87,-8.07,1.2,-3.74,-19.92,,,,,,,0.94,False,2026-09-28
Aerospace & Defence,Melrose Industries,peer,HWM,Howmet Aerospace,HWM US,USD,228.32,232.48,-1.79,0.42,-15.7,-15.08,0.18,18.21,-0.17,19,0.0,53,-0.17,MRO,-0.77,False,2026-09-28
Aerospace & Defence,Melrose Industries,peer,TDG,TransDigm,TDG US,USD,1109.22,1116.2,-0.63,-0.04,-14.1,-16.26,-2.7,-14.39,0.43,19,0.35,53,0.43,MRO,0.4,False,2026-09-28
Aerospace & Defence,Melrose Industries,peer,WWD,Woodward,WWD US,USD,325.94,330.31,-1.32,0.24,-19.8,-24.48,-7.18,30.85,0.44,19,0.14,53,0.44,MRO,-0.3,False,2026-09-28
Aerospace & Defence,Melrose Industries,peer,MOGA,Moog Inc (A),MOG/A US,USD,389.96,387.8,0.56,5.56,-4.21,-8.32,35.22,90.56,0.22,19,-0.2,53,0.22,MRO,1.58,False,2026-09-28
Aerospace & Defence,Melrose Industries,peer,HXL,Hexcel,HXL US,USD,84.14,85.8,-1.93,-3.22,-15.14,-12.83,6.0,32.78,0.07,19,0.11,53,0.07,MRO,-0.91,False,2026-09-28
